{"train_accuracy": 0.8603405356407166, "val_accuracy": 0.8771121501922607}